seed,episode,reward_1458,reward_2259,reward_2821,clicks_1458,clicks_2259,clicks_2821,cost_1458,cost_2259,cost_2821
3,1,145.000263047521,224.00050070206635,194.00047342688777,150,229,199,999.95044,999.90045,999.90814
3,2,171.00028916925658,221.00007937580813,189.00018371432088,176,226,194,999.9454,999.98444,999.96655
3,3,181.00021019985434,257.0000521487091,183.00002570427023,186,262,188,999.96136,999.99133,999.99854
3,4,112.00007909047417,202.00421131029725,190.00013132439926,117,207,195,999.9843,999.1584,999.97424
3,5,107.00039368332364,223.01676250994205,132.0000518959714,112,228,137,999.91956,996.6471,999.9881
3,6,92.00010434910655,191.0001034270972,132.00047323387116,97,196,137,999.9775,999.9775,999.90485
3,7,112.00010370486416,212.01223645545542,135.00039342150558,117,217,140,999.9787,997.55133,999.91956
3,8,105.00023433880415,193.00168242771178,128.0003934726119,110,198,133,999.9544,999.6617,999.91956
3,9,105.00039336516056,229.01039330428466,141.00139337964356,110,234,146,999.9197,997.9196,999.7196
3,10,103.00089371949434,208.01294818893075,135.00163212802727,108,213,140,999.8196,997.4111,999.6742
3,11,101.00016017176677,211.01294820010662,183.00178921082988,106,216,188,999.9684,997.4111,999.64545
3,12,96.00039379205555,208.00113245099783,117.00034258002415,101,213,122,999.9196,999.77423,999.9321
3,13,161.00023646187037,207.01294818520546,179.00976270996034,166,212,184,999.95624,997.4111,998.05096
3,14,147.00023651495576,213.00021116167773,175.00010472675785,152,218,180,999.95624,999.9582,999.98236
3,15,159.00002591789234,253.00018418894615,185.00010473525617,164,258,190,999.9983,999.96295,999.98236
3,16,2132.640187078854,1.968052625656128,192.01621003076434,2135,2,197,471.97202,6.389474,996.7615
3,17,2072.056874173577,202.35799940675497,174.01621009781957,2075,206,179,588.61707,728.40137,996.7615
3,18,146.00405221630353,297.00020908983424,171.00020772987045,151,302,176,999.19305,999.9607,999.959
3,19,2170.0627919248072,0.0,187.0162100493908,2173,0,192,587.43243,0.0,996.7615
3,20,2164.629370607785,0.0,183.0105521697551,2167,0,188,474.13522,0.0,997.89307
3,21,941.0049012438394,275.0000254660845,174.0105522032827,946,280,179,999.0216,999.9983,997.89307
3,22,318.0089953846764,227.00029009243008,190.00031522882637,323,232,195,998.1979,999.9424,999.9403
3,23,165.00047297007404,209.00034287571907,185.0003153878497,170,214,190,999.909,999.9321,999.94037
3,24,214.00581128150225,218.00013239495456,234.0003104559146,219,223,239,998.8412,999.9742,999.9423
3,25,211.01123600732535,394.000254024053,607.0022529464914,216,399,612,997.7521,999.9524,999.529
3,26,259.0061015598476,375.0003334276844,180.00263029756024,264,380,185,998.78375,999.93646,999.4751
3,27,1013.0050034386804,212.0003429139033,240.00157379359007,1018,217,245,998.9765,999.93207,999.68976
3,28,242.00028538610786,212.00034288689494,252.00031003681943,247,217,257,999.94653,999.93207,999.9423
3,29,447.01151613681577,227.00015816604719,253.00023132865317,452,232,258,997.6865,999.9685,999.9577
3,30,1541.0060530870687,978.964846126386,240.0017576101236,1546,980,245,998.7588,207.03072,999.65247
3,31,303.007209529751,228.0002895463258,226.0003105433425,308,233,231,998.56085,999.94324,999.9423
3,32,754.0117476292653,312.00049553555436,247.01262584328651,759,317,252,997.6227,999.903,997.4792
3,33,292.0096015150193,251.00010450277478,249.0003100541653,297,256,254,998.0819,999.9804,999.9423
3,34,265.0024413445499,231.00044709816575,242.00309964455664,270,236,247,999.5144,999.91187,999.38446
3,35,255.00426014931872,214.00013241916895,239.00309974048287,260,219,244,999.15094,999.9742,999.38446
3,36,255.00818245112896,226.0002110907808,230.00009996967856,260,231,235,998.36597,999.9584,999.98444
3,37,268.0024964029435,259.0004190916661,250.00038897746708,273,264,255,999.5048,999.9175,999.9266
3,38,1792.0054092736682,223.00044775742572,244.00009965046775,1797,228,249,998.8931,999.91046,999.9843
3,39,1976.2938559817849,203.000842907466,234.01262614596635,1980,208,239,741.17584,999.8321,997.4792
3,40,1870.4049040490063,354.0066760368645,242.01437339745462,1874,359,247,718.9773,998.6687,997.12805
3,41,890.0118891814491,381.0001227221219,246.00031539413612,895,386,251,997.6041,999.9786,999.94055
3,42,345.0114715413656,372.0003861300647,219.00047886534594,350,377,224,997.7067,999.92633,999.907
3,43,1174.0117737883702,378.00012279173825,214.0001893080771,1179,383,219,997.6284,999.9786,999.9649
3,44,825.0120711778291,392.0000435648253,217.0000575328013,830,397,222,997.57086,999.99457,999.991
3,45,677.0100756419124,370.0004652693169,238.00034594186582,682,375,243,997.9759,999.9106,999.93414
3,46,314.00428905687295,362.00009717419744,222.0000579742482,319,367,227,999.1477,999.98456,999.99133
3,47,880.0104559034808,374.00017570273485,241.00015867932234,885,379,246,997.899,999.96857,999.97107
3,48,466.0102919287747,391.00012248859275,223.00150155846495,471,396,228,997.9458,999.9786,999.7026
3,49,267.00431192293763,382.00012269825675,236.00018986780196,272,387,241,999.1401,999.9786,999.9649
3,50,616.0118967278395,378.00012279162183,223.00134706753306,621,383,228,997.62427,999.9786,999.73315
3,51,424.0024990864331,382.000122698606,205.0012623873772,429,387,210,999.50073,999.9786,999.74866
3,52,310.0100249820389,356.0001761680469,162.00044604728464,315,361,167,998.0008,999.96857,999.912
3,53,362.0095518238377,372.00038613018114,231.00097896018997,367,377,236,998.0855,999.92633,999.807
3,54,330.0046078711748,361.0004653597716,178.00060524372384,335,366,183,999.0725,999.91046,999.8803
3,55,231.00470775703434,366.0003862698795,167.01252383738756,236,371,172,999.0558,999.92633,997.496
3,56,199.01091669814195,358.0003864560276,173.0156024522148,204,363,178,997.8209,999.92633,996.8802
3,57,279.0079998957226,380.00038590375334,194.00125965382904,284,385,199,998.3913,999.92633,999.7503
3,58,210.0032593930373,365.0003862931626,170.000418365933,215,370,175,999.35126,999.92633,999.91705
3,59,213.0037585705286,358.0003864560276,176.0135234547779,218,363,181,999.2523,999.92633,997.29596
3,60,379.00462468143087,379.0003859671997,182.00020772451535,384,384,187,999.06866,999.92633,999.9592
3,61,2150.657949782326,0.0,183.00904925353825,2153,0,188,468.41937,0.0,998.19293
3,62,2148.7046603520866,0.0,248.01262582000345,2151,0,253,459.07672,0.0,997.4792
3,63,2110.705950714997,0.0,252.0126257268712,2113,0,257,458.8188,0.0,997.4792
3,64,2104.706950855325,0.0,244.01033648569137,2107,0,249,458.61877,0.0,997.9371
3,65,1574.000227040844,405.0004118748475,261.01386333536357,1579,410,266,999.96124,999.92065,997.2297
3,66,165.0090230954811,365.0003862930462,175.00170776247978,170,370,180,998.19836,999.92633,999.6591
3,67,285.00847847014666,579.000272620935,253.00130998715758,290,584,258,998.2968,999.93896,999.7423
3,68,117.00084258709103,559.0002462211996,260.01452202908695,122,564,265,999.83215,999.94415,997.09686
3,69,113.01294783502817,560.0002462379634,364.0167166367173,118,565,369,997.4111,999.94415,996.6495
3,70,107.01294781267643,562.000246271491,372.01671677082777,112,567,377,997.4111,999.94415,996.6495
3,71,107.01294781267643,563.0002462882549,364.0167166367173,112,568,369,997.4111,999.94415,996.6495
3,72,100.00042154802941,565.0049042291939,355.0004531526938,105,570,360,999.91644,999.01263,999.90234
3,73,703.1279109918978,2540.0074270518962,358.0167165361345,706,2545,363,574.413,998.53656,996.6495
3,74,720.0939113835339,2540.0071111049037,353.0084796100855,723,2545,358,581.2133,998.59924,998.2968
3,75,313.00847893953323,561.0002462547272,356.011242993176,318,566,361,998.2968,999.94415,997.74603
3,76,299.00847870483994,562.000246271491,223.0171632617712,304,567,228,998.2968,999.94415,996.5702
3,77,287.00847850367427,559.0002462211996,209.0171629358083,292,564,214,998.2968,999.94415,996.5702
3,78,281.00847840309143,571.0002464223653,220.017163191922,286,576,225,998.2968,999.94415,996.5702
3,79,293.0084786042571,560.0002462379634,228.01716337818652,298,565,233,998.2968,999.94415,996.5702
3,80,290.01313638314605,568.0002463720739,210.01716295909137,295,573,215,997.3654,999.94415,996.5702
3,81,288.0084785204381,559.0002462211996,216.01716309878975,293,564,221,998.2968,999.94415,996.5702
3,82,306.0084788221866,566.0002463385463,216.01716309878975,311,571,221,998.2968,999.94415,996.5702
3,83,289.0084785372019,559.0002462211996,217.01716312207282,294,564,222,998.2968,999.94415,996.5702
3,84,290.00668908027,564.0002463050187,216.01716309878975,295,569,221,998.6547,999.94415,996.5702
3,85,116.01294784620404,569.0002463888377,364.0177166443318,121,574,369,997.4111,999.94415,996.44946
3,86,99.01294778287411,562.000246271491,345.016716318205,104,567,350,997.4111,999.94415,996.6495
3,87,113.01294783502817,559.0002462211996,365.0167166534811,118,564,370,997.4111,999.94415,996.6495
3,88,115.01294784247875,566.0002463385463,357.0167165193707,120,571,362,997.4111,999.94415,996.6495
3,89,116.01294784620404,564.0002463050187,362.0167166031897,121,569,367,997.4111,999.94415,996.6495
3,90,105.01294780522585,560.0002462379634,366.01671667024493,110,565,371,997.4111,999.94415,996.6495
3,91,108.00063204532489,563.0002462882549,359.02108493447304,113,568,364,999.8742,999.94415,995.7759
3,92,480.00245187059045,1504.0059622204863,384.01671697199345,485,1509,389,999.506,998.8027,996.6495
3,93,699.0028754011728,1499.0059621715918,355.01671648584306,704,1504,360,999.41846,998.8027,996.6495
3,94,196.00010570930317,1490.0059620835818,383.01671695522964,201,1495,388,999.97736,998.8027,996.6495
3,95,113.0001320579322,856.0055110929534,357.0167165193707,118,861,362,999.9742,998.89014,996.6495
3,96,89.0098687983118,564.0008251848631,373.0167167875916,94,569,378,998.02686,999.82837,996.6495
3,97,108.01294781640172,568.0002463720739,369.01671672053635,113,573,374,997.4111,999.94415,996.6495
3,98,101.01294779032469,573.0002464558929,357.0167165193707,106,578,362,997.4111,999.94415,996.6495
3,99,108.01294781640172,563.0002462882549,371.01671675406396,113,568,376,997.4111,999.94415,996.6495
3,100,108.01294781640172,567.0002463553101,372.01671677082777,113,572,377,997.4111,999.94415,996.6495
