episode,clicks_a0_mean,clicks_a0_std,clicks_a1_mean,clicks_a1_std,clicks_a2_mean,clicks_a2_std,cost_a0_mean,cost_a0_std,cost_a1_mean,cost_a1_std,cost_a2_mean,cost_a2_std
1,138.2,27.77048793233565,259.6,24.40901472816959,190.4,20.707486568871655,999.948668,0.033064209048438445,999.929926,0.025005561981268753,999.958734,0.035698243374155295
2,162.6,40.37697363597228,232.8,28.968948893599855,197.4,43.883937836069364,999.938372,0.017854100929476396,999.93413,0.03406638812669176,999.9444880000001,0.03289894481592488
3,150.4,29.90484910512006,267.0,61.33106879877441,212.4,51.09598810082842,999.961082,0.034375567195339365,999.086646,1.9142277123895357,999.271446,1.5269080585549575
4,129.2,20.30270917882636,215.4,23.29806858947754,175.0,41.309805131469695,999.937112,0.040706467790729825,999.4040400000001,0.7145069649765418,999.64452,0.3989959367587432
5,126.0,18.934096228761486,239.2,22.03860249652868,190.8,66.33023443347686,999.840444,0.16925355440877254,998.46021,1.5883869983256296,999.6383,0.5201764940863837
6,108.4,10.85357084097211,261.8,62.535589866890994,174.6,35.61319980007413,999.9531039999999,0.01682914971112113,999.746218,0.4776433567212931,998.51194,1.9705966733580835
7,150.2,111.11795534475965,254.0,83.08730348254178,170.0,26.04803255526221,999.955096,0.018173822657875156,998.5231720000002,1.5322448150572783,999.0500679999999,1.7514881232597528
8,100.8,10.425929215182693,289.2,165.80319659162186,237.8,194.38544184171818,999.9619319999999,0.03487289950665795,998.8679599999999,1.879693916040564,999.942704,0.026002543721692504
9,126.2,40.03373577371965,299.8,167.62070277862458,197.8,108.88847505590294,999.296892,1.4747127461204288,999.1548500000001,0.9036695178548542,999.891242,0.12678209778985924
10,145.8,62.351423399951344,359.0,209.74389144859498,273.8,158.25359395602996,999.1308599999999,1.368147317725709,998.3449619999999,1.9202846465354837,999.89427,0.12312010518188343
11,122.6,27.45541840875859,378.0,228.44364731810776,682.6,993.8291100586661,998.913612,1.4583289264497175,816.3835740000002,407.90163052545387,998.91919,1.462652049463574
12,121.0,28.38133189263675,268.0,254.78422243145278,734.6,1119.0789963179543,999.314396,1.4352201368709832,799.752026,447.0751196392692,943.8968959999999,125.03753149839565
13,130.2,27.77048793233565,273.4,269.5937684739764,760.0,1157.7061371522568,999.785828,0.3788133824457711,799.224868,446.7814813022761,925.2998180000001,165.8313090123304
14,320.4,419.9217784302214,730.6,873.5990499079082,249.2,127.28197044357854,998.9807719999999,1.8677534551621018,849.45522,336.22042585265075,998.779682,1.5819839558668074
15,459.6,595.9205483955055,532.0,496.84655578961195,169.2,34.895558456628834,998.587604,2.020999818834722,829.386448,380.4038425397971,999.0329020000001,1.4053942733339913
16,781.2,826.806325568449,727.0,974.4367603903293,178.8,36.40329655402104,892.978804,235.3558145798669,654.7627548,481.47644906599754,998.6387000000001,1.6028599630816345
17,975.4,1070.721859308009,267.8,263.3499572811813,175.6,39.23391390111367,822.2637520000001,243.28119299007554,745.5793719999999,433.04641352001437,998.4641100000001,2.0003849215713476
18,593.4,896.2172169736531,941.8,1475.5616557772162,253.4,152.49524582753395,966.699002,72.69224660863095,761.0958800000001,433.6539514646786,999.011322,1.7836814596278072
19,955.4,1144.2785063086696,175.8,289.1352624637818,721.4,1129.2527617854207,813.6105439999999,254.92472925143184,399.88661199999996,547.5673286265925,892.9171640000001,235.23139966332434
20,932.8,1124.4043756585083,188.0,279.33581940023373,739.6,1161.9177251423614,892.87518,234.08688135561644,401.7707704,545.6436339593968,895.112828,230.32519480428851
21,418.4,409.0969322788916,799.2,1176.7220147511475,735.4,1141.3134100675416,997.487458,1.8440918332393055,662.5271839999999,474.78752605711355,895.1315440000001,232.8798173822673
22,295.6,308.85401082064647,751.8,1131.669651444272,716.0,1170.016239203542,998.366084,1.4488703004340713,660.145286,477.216508024155,894.777746,232.89420011777233
23,488.4,790.6954533826535,276.0,215.91201911889945,710.0,1149.7171391259678,997.6404460000001,1.8444091872683785,611.491876,531.9584373440925,893.777692,236.66467354081948
24,200.2,89.22275494513717,217.6,270.38546558570783,1195.2,1266.2083951704,998.048778,2.121153226412452,599.8523720000001,547.5878655569478,780.1469920000001,300.38168775820156
25,166.0,36.932370625238775,312.4,252.4783159005937,1277.6,1190.7990174668437,997.755124,1.65082003308356,799.3430900000001,446.847946323143,892.2179060000001,240.04136307498482
26,183.6,61.2396930103344,357.8,252.4701962608656,734.0,1084.858746565653,998.619868,1.178531944993426,799.305752,446.8270223190273,891.9146539999999,239.8723646876855
27,366.8,375.2441871635056,281.6,243.92990796538254,731.8,1078.3826779024225,998.782674,1.2583663525698703,799.917942,447.16772718584286,892.2837740000001,240.07835547927175
28,196.8,42.198341199625375,143.8,136.65540604015635,1211.2,1341.6138416101705,998.4238940000001,1.4207035127288334,599.956602,547.6829408155244,786.706632,291.32697084131286
29,238.8,126.69530378036907,144.0,136.03124641052142,1212.6,1359.9127913215611,997.8009479999998,1.8038007840446222,599.6891899999999,547.439143032242,785.417062,292.9866427617807
30,522.4,593.7363051052209,296.8,404.04418075255086,1303.0,1273.6679316054087,998.2682000000001,1.1920260714430535,441.101634,516.470121293067,785.473766,292.84905203089295
31,279.0,167.2468235871761,216.4,135.0492502755939,1073.2,1044.9747365367261,997.311758,1.2143821245061197,798.998178,446.6557085246621,892.6863000000001,238.31463900293664
32,354.6,293.1088534998559,297.2,51.85749704719656,642.6,687.0930068047558,997.3903459999999,1.6804939977816087,998.1157880000001,1.980163291428271,998.8381139999999,0.8644077832423644
33,241.8,189.9886838735402,285.2,59.41969370503352,384.0,223.6883993415841,998.0326860000001,1.4617736112271216,999.0026439999999,1.4978196409882012,999.1818079999999,1.0793273799316263
34,333.2,148.7723092514195,238.8,138.70544329621674,833.4,934.0633276175656,998.16661,1.5363882526887882,798.991954,446.65220860475335,885.046804,255.32036500604653
35,315.6,137.7944120782842,252.4,154.31234558517994,807.0,974.347987117539,999.051894,1.6051267440081054,799.0000200000001,446.65674465131724,884.349568,254.93402945943478
36,317.8,151.0784564390304,376.6,172.61604792139113,367.2,224.17671600770674,999.102372,1.0028826011902063,998.2597099999999,1.7940841000354626,998.6037239999999,1.6639314822221443
37,225.6,90.35374923045529,411.2,170.30766277534315,260.2,82.04693778563586,999.5412899999999,0.7243449923896932,999.411074,0.7185803572183221,999.0173199999999,0.6907700608741162
38,624.8,657.2942263552906,338.6,295.7580091899457,706.0,994.5159626672666,998.6065999999998,0.6371053710337263,799.566552,446.97166013238416,884.497592,254.4948055841559
39,664.2,737.5209827523554,333.8,301.345648715889,693.8,989.1161205844337,947.2303459999999,115.19121250550877,799.662448,447.02531723808505,884.7933300000001,254.94776718618658
40,648.4,687.5073090520565,360.6,280.9800704676401,709.2,997.6874260007489,942.531862,124.97844958648359,799.4054399999999,446.8817180924086,884.7852740000001,255.0322096737832
41,543.8,273.38745399158313,512.2,231.62620749820172,340.4,155.7507624379412,998.61626,0.6756588856812176,999.5297119999999,0.641502808700009,998.932178,0.9864346510134712
42,496.2,330.33119743675434,368.6,290.8114509437343,734.0,966.237807167573,998.2836020000001,1.3255447236966582,799.529716,446.95108208320687,884.9508239999999,254.9237332905307
43,615.8,388.58937195965615,367.2,287.28853092318184,710.0,975.8022340618,998.45062,0.8668110871464314,799.6665,447.02758443834875,884.97698,255.33793076681528
44,530.0,257.51019397297654,443.0,156.8932758278697,332.6,143.36247765716104,998.499302,1.3109089658782715,999.671446,0.6423884148083567,999.1251239999999,0.8538705250973534
45,483.8,176.24471623285618,344.2,255.4362934275394,759.6,949.452105163815,998.5616040000001,1.0013449766589133,799.6592880000001,447.02354392751363,884.6517039999999,254.98862827685412
46,416.0,151.71354586852158,358.6,286.2076169496542,758.4,989.7142516908605,998.76536,1.4219867417806826,799.419332,446.8895351537929,884.8651759999999,254.6428831917488
47,520.6,234.5875103239727,372.2,281.04216765460654,739.8,998.9565556119045,998.1705239999999,1.2164658639189496,799.6786199999999,447.0343708909942,885.0347580000001,254.88158683172048
48,442.4,141.4966430697209,333.2,229.74594664541962,737.0,977.2279672625011,999.084192,0.7036959878527397,799.6199300000001,447.0015236878555,884.81789,254.87317860150173
49,377.6,122.40424829228763,372.8,289.93568252286576,770.6,957.545455840087,998.641524,1.3421924664816394,799.58413,446.9818494977922,885.2725280000001,254.87091143522434
50,482.2,170.16962126067037,243.4,152.6312549905818,746.4,963.7049859785928,998.14786,1.6428602874103126,799.88738,447.1506816363718,885.027276,254.10189137876154
51,419.6,110.43233222204447,252.8,149.29735429671888,788.4,941.9014279636697,998.4641940000001,1.676016800804794,799.44908,446.9061121945268,884.9964560000001,254.9487747514132
52,449.8,140.82151824206414,537.4,542.6645372603593,864.8,760.2063535646095,998.363292,0.9711806212646532,999.465922,0.5889744264567064,887.181156,248.73200793935496
53,796.8,786.049743972988,536.6,534.3615817028765,422.4,318.273938612636,891.8106300000002,238.02633316164813,999.491866,0.5847638810494449,798.977768,446.6426895307569
54,799.2,791.8924800754204,534.8,529.3153124556288,417.4,330.1398188646744,892.04892,238.16189480315686,999.359016,0.6120481360808041,798.77764,446.53143340787807
55,787.2,812.2571637110996,542.4,523.8342295039529,420.8,335.09058476776096,892.086578,238.18299260876609,998.6030779999999,1.9923708145121986,798.4670400000001,446.35689056646476
56,750.6,792.8750216774395,548.2,519.5552906091901,416.0,330.9675210651341,892.453758,238.38541117788526,998.858798,1.4547777352984284,798.590174,446.42635619067045
57,817.2,796.0569703231045,646.4,490.28440725766507,298.0,320.1343467983403,891.83511,238.04047421743408,999.538904,0.6076349486575034,798.583234,446.42538432443814
58,780.2,805.2444970318021,714.6,471.79900381412426,289.2,338.3691770832562,892.62901,238.48247554440852,999.5464519999999,0.6136271681322504,799.3766499999999,446.8655021725357
59,807.4,803.9479460761125,543.8,522.2060895853284,389.4,331.07899359518416,892.3802739999999,238.34337393271977,999.5717779999999,0.6340391596896835,798.246832,446.23393620469983
60,817.4,769.2644538778585,655.0,501.46086587090724,313.6,369.18328781243605,892.553218,238.4405652931412,999.545968,0.6133452428852771,599.17594,546.9712302521843
61,1181.2,909.953680139819,580.4,579.232941052216,313.0,367.8668237283705,786.14807,291.14287687840357,799.632434,447.0085106088404,598.982756,546.794173418481
62,1188.4,893.9691269837008,581.4,579.2061809062469,323.2,353.770688440973,784.238482,293.7182934000244,799.592406,446.98612889632847,599.4473984399999,545.8788150433849
63,1110.2,809.5231312322088,575.2,575.6220113928931,369.8,325.78474488533067,890.919024,241.5519202231377,799.191366,446.7621696830599,798.675034,446.474376373453
64,807.0,775.4144053343348,579.2,576.8190357469143,375.2,335.9697903085931,890.986534,241.70246236703522,799.191366,446.7621696830599,798.848554,446.57091527578643
65,705.4,564.9037971194741,657.0,491.29319148549166,400.8,300.7103257289313,999.2683020000001,0.958935701139542,999.3724340000001,0.645469069731456,998.479552,1.0586886603340964
66,816.4,814.9486486889833,663.8,504.0701340091476,350.6,332.7999399038407,891.7410839999999,239.94309658178432,999.011638,1.182721301203277,799.34543,446.84799291799106
67,783.8,800.5224544008744,724.0,459.69935827668934,352.2,329.5742708404283,941.7089400000001,127.60631815796505,999.406146,0.5945686475756848,800.0287574,445.4440243376185
68,742.8,822.7768227168289,693.2,477.93221276662234,369.6,324.2796632538032,908.0458699999999,203.85333833031112,999.4117740000002,0.6011033992417709,798.96078,446.63374398653735
69,730.2,803.1884585824176,721.6,452.93630898836096,360.6,306.8041720707201,900.867232,217.1390402384659,999.4493479999999,0.573748487030687,798.856612,446.57597552641556
70,795.8,843.4572899679034,577.6,522.1650122327233,412.2,320.6223635369186,892.2847960000001,238.29207167340743,998.783222,1.6217605524305931,798.692134,446.4840810532496
71,589.2,447.98571405793734,578.4,517.2913105784786,514.0,220.16130450194922,998.5399439999999,0.918112596515264,998.7832420000001,1.6217786086022863,998.2116480000001,1.2631516118700998
72,807.4,861.8795159417585,581.6,521.7626855190011,455.0,313.25069832324397,893.0589739999999,238.7225090078558,998.596938,1.5043295009139257,799.179862,446.7565421123666
73,842.2,731.2610341047854,977.8,1018.2129934350671,458.6,315.6901962367536,807.593546,265.12355059926887,998.5933000000001,1.5688195848471478,798.95548,446.6314389618212
74,887.8,742.6403571042985,1070.2,961.4076658733277,692.8,653.9840976659906,809.0432859999999,263.7219135955542,998.504932,1.4758422601755028,799.2709739999999,446.8064803112068
75,768.8,773.5132190208517,678.8,500.37356045258826,701.0,652.56225756628,892.242806,238.26673938611572,998.7907360000002,1.6286166054753215,799.1269340000001,446.7262518701371
76,1018.0,856.0733029361446,697.0,486.8716463299131,684.2,705.9757077973717,948.12001,112.68325321240287,998.883282,1.378214289985426,836.414932,362.597682765399
77,525.8,423.80030674835524,708.8,471.42942207715464,729.2,683.2804694998972,998.84765,0.5546931223658709,998.6426959999999,1.6958845873850164,991.333704,16.816265140625887
78,1008.2,874.1007951031734,723.8,458.19941073729024,669.0,731.1371280409716,794.034182,280.37782879765155,998.727362,1.3151549587482034,795.103572,444.5401888751825
79,794.8,763.6528661636778,738.4,449.7130196025016,663.4,721.0792605532348,892.7051660000001,238.52555954887472,998.6281219999998,1.7266539343250176,795.0057220000001,444.49788936297495
80,393.2,108.42140010164046,722.2,456.45886999816315,691.0,694.3554565206498,998.9241840000001,0.8805558440439604,998.7784340000001,1.4127194889573809,988.1185939999999,23.647807570421385
81,363.6,138.15498543302735,734.6,458.38826337505634,718.0,673.504639924626,998.99683,0.4455800315319437,998.74167,1.7837551540079835,998.8226780000001,1.3305251793821915
82,512.8,372.030509501573,647.4,475.89000830023735,447.8,257.7619056416212,998.906096,0.35965432686123383,998.9659099999999,1.4297056866712283,998.589574,1.3196198555379501
83,481.4,343.4003494465316,623.4,486.52163364027297,455.8,265.4264493225948,998.936398,0.7080397877379376,998.920282,1.3403470797222516,998.4148640000001,1.3601192305198864
84,510.8,359.3851694213327,614.8,492.5248217095256,464.4,272.400991187624,998.8973579999999,0.8647602370715152,998.9060499999999,1.369075139939387,998.426376,1.373039228146821
85,450.0,366.8405648234666,611.4,494.6784814402179,484.2,228.5874012276267,999.03803,0.9747660064343573,999.101782,0.9907132337967663,998.3706759999999,1.44047012326877
86,493.0,411.79728022414133,636.6,487.19585384114265,473.2,235.4340672035379,999.03748,0.9742263639678342,998.942626,2.0219071121418875,998.5253640000001,1.2865938602488383
87,421.8,364.8180368348035,625.8,485.2542632476298,477.2,229.6142417185833,998.95795,0.9332066906639576,998.859334,1.4642739323569236,998.399144,1.3862811559817276
88,504.4,418.2496861923509,631.6,495.38601110649057,473.8,226.7855815522671,999.25067,1.0630406551491585,998.859334,1.4642739323569236,998.516044,1.5463396035250359
89,440.4,382.2849722392969,624.0,493.28744155917855,481.2,245.33079708833947,998.5554020000002,1.0458301124561205,999.1656280000001,1.5260776917542584,997.8900740000001,1.4560746209861737
90,684.6,683.3793236556108,624.6,485.25900300767216,473.6,247.3455073374085,956.4188120000001,93.30814420583862,999.1372220000001,1.5154597873978752,997.721632,1.1908594396989272
91,672.2,676.0552492215411,630.4,498.74021293655477,476.2,244.84934143264505,902.343152,216.4274390887221,999.1540419999999,1.526641755985988,997.586952,1.4186610558974417
92,767.6,633.3772967197356,813.0,621.7121520446581,477.0,225.68672978267907,881.789912,261.4547889412694,998.908932,1.4479868800924987,997.80478,1.2951585848073042
93,828.0,627.3938157170502,813.8,620.1013626819409,469.8,236.85797432216634,896.275242,228.534228265515,998.9342200000001,1.394565099878814,997.71316,1.1628931011920376
94,790.6,648.7567340690962,810.4,619.4096382847138,485.2,240.95580507636663,878.013746,270.3013854912974,998.9173440000001,1.4553781947933686,998.433072,1.321899503714254
95,1119.6,858.8383433452422,694.4,487.6000410172255,434.2,309.25103071776493,771.565474,312.72313788859645,998.5761200000001,1.4891771200230137,799.09140644,445.0650093400125
96,1025.8,830.5159239894199,627.6,475.33809020527696,445.4,306.8188390565351,891.7693660000001,238.00480775446863,998.6163059999999,1.906262309489444,798.509274,446.3822616168791
97,1100.8,858.7369795228338,629.8,484.5102682090443,440.4,303.37567470052704,788.745642,287.67581005575335,998.7216619999999,1.7509773380086877,798.504038,446.3784019284965
98,1100.4,864.6917369791387,622.8,490.2241324129199,443.6,312.2503803040118,773.026682,309.914474584289,998.9998499999999,1.1826585068395692,798.535612,446.3959975653161
99,1077.8,849.0646029602224,635.6,484.5795084400495,436.6,300.40772293667817,778.588748,300.9380790665031,998.7658279999999,1.6581755716057398,798.555612,446.4072098395519
100,843.4,831.8024404869224,620.4,498.140843537247,450.6,308.0329527826528,891.847726,238.0502968533318,999.353442,0.6296745463491508,798.507236,446.38101126581114
