episode,seed,steps,total_clicks,total_wins,total_cost,ppo_epochs_run,clicks_1458,wins_1458,cost_1458,util_1458,lambda_1458,ent_thr_1458,ent_res_1458,kl_1458,ratio_max_1458,clicks_2259,wins_2259,cost_2259,util_2259,lambda_2259,ent_thr_2259,ent_res_2259,kl_2259,ratio_max_2259,clicks_3386,wins_3386,cost_3386,util_3386,lambda_3386,ent_thr_3386,ent_res_3386,kl_3386,ratio_max_3386,clicks_2997,wins_2997,cost_2997,util_2997,lambda_2997,ent_thr_2997,ent_res_2997,kl_2997,ratio_max_2997,clicks_3476,wins_3476,cost_3476,util_3476,lambda_3476,ent_thr_3476,ent_res_3476,kl_3476,ratio_max_3476
1,0,125000,635,1876,237099.87890625,4,133,377,49983.7265625,99.96745300292969,99.96607971191406,3.931748628616333,2.397754669189453,0.0008128714398480952,1.1033294200897217,118,294,37212.078125,74.42416381835938,0.0010000000474974513,3.9317517280578613,2.3977670669555664,0.0007299446733668447,1.0974208116531372,130,450,49985.0234375,99.97003936767578,0.07522734254598618,3.931729555130005,2.397759437561035,0.0007118892390280962,1.0824768543243408,129,385,49943.484375,99.88697052001953,99.59876251220703,3.9317500591278076,2.3977625370025635,0.000714154215529561,1.0973920822143555,125,370,49975.56640625,99.95111846923828,99.92414093017578,3.9317433834075928,2.397756338119507,0.0008484363206662238,1.0965750217437744
2,0,125000,458,1642,226180.88671875,4,92,206,40019.63671875,80.03927612304688,0.0010000000474974513,3.931391477584839,2.39705753326416,0.00041800260078161955,1.0798990726470947,88,383,47660.46484375,95.32093048095703,0.10669413954019547,3.931439161300659,2.397460699081421,0.00033614158746786416,1.0513274669647217,88,323,41667.31640625,83.33465576171875,0.0010000000474974513,3.931312084197998,2.3970656394958496,0.0005881547695025802,1.0808171033859253,111,284,46838.328125,93.6766357421875,0.0010000000474974513,3.9313817024230957,2.3971824645996094,0.0007172203040681779,1.1039988994598389,79,446,49995.140625,99.99027252197266,99.99679565429688,3.9314041137695312,2.3972153663635254,0.0004567480063997209,1.0757325887680054
3,0,125000,792,2157,248023.30078125,4,185,527,49980.234375,99.9604721069336,99.95018768310547,3.930856943130493,2.396584987640381,0.00020750283147208393,1.0506078004837036,175,415,49983.5234375,99.96704864501953,99.96522521972656,3.930943250656128,2.397214889526367,0.000367984757758677,1.0631375312805176,95,372,49900.7265625,99.80143737792969,98.77052307128906,3.9309475421905518,2.39630126953125,0.00019290685304440558,1.0365779399871826,171,424,48392.2109375,96.78441619873047,3.947577953338623,3.9306881427764893,2.3962645530700684,0.0006345867877826095,1.088248372077942,166,419,49766.60546875,99.533203125,93.40605163574219,3.930921792984009,2.396810293197632,0.0004593968333210796,1.0856367349624634
4,0,125000,542,2322,248637.9609375,4,127,331,49938.09375,99.87619018554688,3.8384268283843994,3.9308509826660156,2.3970820903778076,5.401372618507594e-05,1.0203429460525513,134,476,49968.1015625,99.93621063232422,99.87133026123047,3.930586576461792,2.397035837173462,0.00013851880794391036,1.0311866998672485,159,563,49914.6171875,99.8292465209961,1.8868076801300049,3.9308652877807617,2.396263599395752,0.00010589599696686491,1.0297484397888184,73,370,49436.0078125,98.87201690673828,3.3340561389923096,3.930109739303589,2.395883798599243,0.00027967928326688707,1.0584237575531006,49,582,49381.140625,98.76227569580078,0.6595913767814636,3.9309258460998535,2.397080659866333,0.00011522530985530466,1.039252519607544
5,0,125000,686,2176,249796.05078125,4,63,453,49921.9296875,99.84386444091797,0.625290036201477,3.929788827896118,2.396238088607788,0.00019542693917173892,1.0408434867858887,185,491,49931.3359375,99.86268615722656,99.40911102294922,3.9293694496154785,2.396130323410034,0.00012235403119120747,1.0383940935134888,165,427,49984.8046875,99.9696044921875,99.97039794921875,3.9298348426818848,2.3943824768066406,0.0002515697560738772,1.0615919828414917,105,342,49991.54296875,99.98308563232422,99.99061584472656,3.9283080101013184,2.393726348876953,0.00035916565684601665,1.0452815294265747,168,463,49966.4375,99.9328842163086,12.67824649810791,3.9298722743988037,2.3961660861968994,0.00020937442604918033,1.0344774723052979
6,0,125000,742,2087,248672.8984375,4,157,419,49988.40625,99.97682189941406,99.98265075683594,3.9286491870880127,2.39524507522583,0.00023071764735504985,1.058304786682129,151,448,49975.68359375,99.95137023925781,99.9249038696289,3.928307294845581,2.395463705062866,0.0001697087282082066,1.0490745306015015,162,421,48925.5390625,97.85107421875,7.213288307189941,3.92873215675354,2.392146587371826,0.00038910150760784745,1.0648071765899658,92,404,49965.453125,99.930908203125,2.767723321914673,3.925858974456787,2.390486478805542,0.0005033731576986611,1.0523816347122192,180,395,49817.81640625,99.63560485839844,3.067136287689209,3.928758382797241,2.3950188159942627,0.00021210908016655594,1.0502952337265015
7,0,125000,409,1969,249265.75,4,36,350,49972.0,99.94400024414062,99.9006576538086,3.929230213165283,2.3958752155303955,0.0003113651182502508,1.079529881477356,99,314,49358.1484375,98.71629333496094,9.99604320526123,3.928194284439087,2.395810842514038,0.0001153373668785207,1.0422430038452148,100,445,49994.56640625,99.98912048339844,16.236921310424805,3.9291136264801025,2.3924660682678223,0.00014093637582845986,1.0341726541519165,94,514,49963.22265625,99.92643737792969,76.49456024169922,3.925682783126831,2.390531539916992,0.0002835726772900671,1.0499742031097412,80,346,49977.8125,99.95561981201172,3.24613356590271,3.9286863803863525,2.395115852355957,0.00035008430131711066,1.0571361780166626
8,0,125000,425,1780,249771.5390625,4,119,449,49983.54296875,99.96708679199219,3.954411745071411,3.927942991256714,2.3943169116973877,0.0002978825359605253,1.0705947875976562,122,381,49952.4921875,99.90498352050781,4.9290242195129395,3.9267308712005615,2.394763946533203,0.00016378640430048108,1.0440700054168701,39,297,49960.5234375,99.92105102539062,99.80342864990234,3.9277312755584717,2.3889079093933105,0.0002627992653287947,1.042809247970581,68,310,49961.94140625,99.92388153076172,99.81720733642578,3.9213626384735107,2.3855795860290527,0.00041188954492099583,1.0622189044952393,77,343,49913.0390625,99.82606506347656,10.787508964538574,3.926295280456543,2.3928515911102295,0.0004772138490807265,1.0519402027130127
9,0,125000,591,1853,245632.79296875,4,101,315,46424.5859375,92.84916687011719,0.0010000000474974513,3.92820405960083,2.3945510387420654,0.00012375116057228297,1.0408529043197632,127,363,49974.42578125,99.94886779785156,99.91706848144531,3.926943778991699,2.3950693607330322,0.00026829002308659256,1.0562225580215454,133,336,49790.9453125,99.58187103271484,94.67289733886719,3.92810320854187,2.3898751735687256,0.00014044999261386693,1.0442622900009155,119,471,49533.859375,99.06771850585938,41.08810806274414,3.919086217880249,2.3832218647003174,0.0007899379706941545,1.0973172187805176,111,368,49908.9765625,99.81794738769531,98.96507263183594,3.9257380962371826,2.3922696113586426,0.0001990556629607454,1.0401087999343872
10,0,125000,518,2178,246250.9765625,4,157,408,49177.390625,98.35478210449219,42.90114212036133,3.927605390548706,2.3938817977905273,0.00015500783047173172,1.0552244186401367,42,543,49993.1796875,99.98635864257812,50.37777328491211,3.926525592803955,2.3943116664886475,0.00034936904557980597,1.0592291355133057,168,318,48661.9375,97.32388305664062,10.659982681274414,3.927847146987915,2.389660120010376,0.00026623724261298776,1.057784080505371,45,393,49591.0,99.18199920654297,12.559991836547852,3.9174532890319824,2.3800642490386963,0.0005030250176787376,1.0781574249267578,106,516,48827.46875,97.65494537353516,1.1622251272201538,3.9250035285949707,2.391770839691162,0.00012514114496298134,1.0385857820510864
11,0,125000,340,2093,248381.5703125,4,49,340,49991.26171875,99.98252868652344,99.99002075195312,3.9265825748443604,2.3925883769989014,0.0002003622066695243,1.0418927669525146,41,249,49968.55859375,99.93711853027344,99.87494659423828,3.9256303310394287,2.3924903869628906,0.0003215527394786477,1.0648545026779175,82,577,49854.734375,99.70947265625,4.027939319610596,3.9275529384613037,2.389026641845703,0.000316889287205413,1.0568926334381104,74,475,49503.296875,99.00658416748047,48.58454513549805,3.911747455596924,2.371324062347412,0.0005047464510425925,1.0705509185791016,94,452,49063.71875,98.12743377685547,18.858135223388672,3.9226722717285156,2.3896026611328125,0.00020328997925389558,1.0496574640274048
12,0,125000,838,1918,248523.51953125,4,183,390,49886.46875,99.77290344238281,98.39567565917969,3.925856828689575,2.3910892009735107,0.00047129392623901367,1.0965572595596313,137,364,49856.046875,99.71209716796875,97.43578338623047,3.922335147857666,2.3893330097198486,0.0005393242463469505,1.0803245306015015,155,356,49735.2890625,99.4705810546875,0.02779744379222393,3.9272563457489014,2.3886218070983887,0.00022314548550639302,1.0435569286346436,170,381,49258.16796875,98.51634216308594,50.244956970214844,3.909249782562256,2.3676443099975586,0.0004465556121431291,1.0678126811981201,193,427,49787.546875,99.57508850097656,0.006924840621650219,3.921987771987915,2.389610767364502,0.0003158354666084051,1.0592488050460815
13,0,125000,558,2317,247973.265625,4,67,618,49988.140625,99.97628021240234,6.3028483390808105,3.9254772663116455,2.3899965286254883,0.00018470287614036351,1.0727834701538086,149,447,49910.26953125,99.8205337524414,3.0056002140045166,3.920438051223755,2.3872382640838623,0.0002889299357775599,1.0608025789260864,127,500,49886.2578125,99.77251434326172,3.3772153854370117,3.92763090133667,2.3899900913238525,0.00032147407182492316,1.084991455078125,79,333,48901.0703125,97.80213928222656,22.0883846282959,3.907721996307373,2.365107774734497,0.0006060123560018837,1.0700629949569702,136,419,49287.52734375,98.57505798339844,37.08353042602539,3.922694683074951,2.390486001968384,0.00022654295025859028,1.0524851083755493
14,0,125000,556,1822,241194.5703125,4,108,385,49986.484375,99.97296142578125,99.97648620605469,3.924595355987549,2.3887364864349365,0.00023639439314138144,1.0634934902191162,104,361,46369.95703125,92.73991394042969,0.0010000000474974513,3.9192216396331787,2.3866679668426514,0.00019279003026895225,1.0435070991516113,96,355,49940.1171875,99.88020324707031,99.54950714111328,3.927676200866699,2.390815019607544,0.00017007827409543097,1.052905797958374,129,352,49961.3046875,99.922607421875,99.81110382080078,3.9080281257629395,2.365037679672241,0.00045725106610916555,1.0861197710037231,119,369,44936.70703125,89.87338256835938,0.0010000000474974513,3.9230411052703857,2.3906729221343994,0.0002773618616629392,1.0581881999969482
15,0,125000,521,1843,248354.1953125,4,116,318,49903.54296875,99.80709838867188,98.8390884399414,3.924053192138672,2.3882107734680176,0.00010665416630217806,1.0293326377868652,111,337,49854.09765625,99.70819091796875,97.3668441772461,3.918646812438965,2.3859589099884033,0.0003511023533064872,1.05971360206604,103,424,49820.59375,99.64118957519531,0.03438067436218262,3.927553653717041,2.391486406326294,0.00023510694154538214,1.0554553270339966,79,303,48813.25,97.62651824951172,17.186460494995117,3.908409595489502,2.3652424812316895,0.00047290086513385177,1.069582462310791,112,461,49962.7109375,99.92538452148438,99.82425689697266,3.92352032661438,2.3905792236328125,0.00019890069961547852,1.048087477684021
16,0,125000,413,1678,247451.18359375,4,58,279,47892.3984375,95.78480529785156,0.18055680394172668,3.923844575881958,2.3883273601531982,0.0003077983856201172,1.0616623163223267,82,285,49848.48046875,99.69691467285156,97.1627426147461,3.9184508323669434,2.3853538036346436,0.0003680849040392786,1.0823379755020142,72,331,49964.3046875,99.92864990234375,99.83919525146484,3.9278905391693115,2.3925557136535645,5.308151230565272e-05,1.0250091552734375,88,326,49900.109375,99.80020904541016,98.75543975830078,3.907365560531616,2.363948106765747,0.00032160518458113074,1.0522191524505615,113,457,49845.890625,99.69178771972656,97.06752014160156,3.923851490020752,2.3905224800109863,0.00034877777216024697,1.0911270380020142
17,0,125000,817,2261,231932.984375,4,101,484,45092.21875,90.18443298339844,0.0010000000474974513,3.9212095737457275,2.384488105773926,0.0002327918919036165,1.0511229038238525,174,452,49943.984375,99.88796997070312,99.6058349609375,3.9145092964172363,2.380772590637207,0.00042557239066809416,1.061814785003662,186,416,47138.59375,94.27719116210938,0.0035857465118169785,3.926920175552368,2.3917253017425537,0.0001393270504195243,1.039630651473999,178,508,47333.5390625,94.66704559326172,0.013790282420814037,3.900332450866699,2.355466365814209,0.00040313959470950067,1.0910905599594116,178,401,42424.6484375,84.84929656982422,0.0010000000474974513,3.921220541000366,2.386847972869873,0.00033901690039783716,1.0539652109146118
18,0,125000,406,1911,242246.046875,4,68,326,49943.68359375,99.88736724853516,99.60150146484375,3.918633222579956,2.379112482070923,0.0005602454766631126,1.0738517045974731,97,356,49916.2265625,99.83246612548828,99.1225814819336,3.911440849304199,2.375891923904419,0.0007989334990270436,1.071934700012207,76,533,49991.56640625,99.98312377929688,99.99068450927734,3.9265098571777344,2.391765594482422,0.00020747899543493986,1.0580483675003052,90,298,42429.171875,84.85835266113281,0.0010000000474974513,3.8984453678131104,2.352773904800415,0.0006582426722161472,1.0703707933425903,75,398,49965.3984375,99.93077850341797,99.84866333007812,3.92099666595459,2.3854730129241943,0.00030676601454615593,1.046635627746582
19,0,125000,395,1954,249698.140625,4,56,436,49877.3515625,99.75472259521484,98.13146209716797,3.9166314601898193,2.3724184036254883,0.0009081053431145847,1.1153528690338135,73,395,49929.30078125,99.85856628417969,99.37335205078125,3.9123408794403076,2.374095916748047,0.00041812658309936523,1.0664006471633911,124,376,49976.99609375,99.95399475097656,99.93275451660156,3.9265151023864746,2.3925416469573975,0.00018783568521030247,1.0646188259124756,79,379,49933.96875,99.8679428100586,99.45320892333984,3.8966429233551025,2.349754810333252,0.0009466409683227539,1.0976202487945557,63,368,49980.5234375,99.9610366821289,4.795124530792236,3.9208264350891113,2.38417649269104,0.00045234677963890135,1.0843479633331299
20,0,125000,733,2162,244194.6796875,4,122,381,49824.64453125,99.64926147460938,0.02120957337319851,3.906935453414917,2.3535454273223877,0.0013790702214464545,1.1407579183578491,144,421,44627.3203125,89.254638671875,0.0010000000474974513,3.9069924354553223,2.3671231269836426,0.0010398935992270708,1.1479510068893433,183,496,49988.12109375,99.97624206542969,99.98176574707031,3.9260122776031494,2.3924777507781982,0.0001546597486594692,1.045069694519043,130,392,49802.296875,99.60455322265625,5.376774787902832,3.884190797805786,2.3308043479919434,0.0010077881161123514,1.1544294357299805,154,472,49952.296875,99.90459442138672,99.71355438232422,3.9156758785247803,2.3763132095336914,0.0005537628894671798,1.0751709938049316
21,0,125000,652,2301,240332.015625,4,89,372,47012.94140625,94.02587890625,0.0014308503596112132,3.9032528400421143,2.3474512100219727,0.0006780648254789412,1.0611553192138672,196,422,48475.88671875,96.9518051147461,1.8483408689498901,3.9084932804107666,2.3690695762634277,0.00037807703483849764,1.069366216659546,183,465,47385.3984375,94.77079010009766,0.019422046840190887,3.9255359172821045,2.3918328285217285,0.00014007330173626542,1.058562159538269,79,589,47472.9921875,94.94597625732422,0.03410317748785019,3.8815078735351562,2.3258087635040283,0.001312904292717576,1.0756468772888184,105,453,49984.796875,99.96958923339844,99.9703369140625,3.913505792617798,2.3734354972839355,0.00021839856344740838,1.0475183725357056
22,0,125000,436,2079,247617.11328125,4,82,589,49895.58984375,99.7911605834961,0.08180857449769974,3.9028213024139404,2.350200653076172,0.0004857849853578955,1.0605021715164185,140,338,47854.15234375,95.70829772949219,0.31608402729034424,3.9101033210754395,2.371490001678467,0.00040946720400825143,1.0710508823394775,25,235,49971.91796875,99.94383239746094,99.90003967285156,3.9267399311065674,2.393125057220459,0.00014948128955438733,1.030376672744751,118,451,49963.3125,99.92660522460938,14.803997039794922,3.878314733505249,2.3178138732910156,0.0006323409033939242,1.07197105884552,71,466,49932.140625,99.8642807006836,2.2220921516418457,3.9153811931610107,2.3780357837677,0.0003811549977399409,1.0671839714050293
23,0,125000,498,1615,248544.36328125,4,106,302,49966.73046875,99.9334716796875,3.1044366359710693,3.9004433155059814,2.3506431579589844,0.0004215693334117532,1.0628248453140259,12,171,49998.36328125,99.9967269897461,99.99958801269531,3.9152348041534424,2.375919818878174,0.0002759432827588171,1.0450458526611328,103,391,49770.06640625,99.54012298583984,49.38642120361328,3.926124095916748,2.3925881385803223,0.0003158306935802102,1.095130205154419,138,377,49978.12109375,99.95624542236328,10.245463371276855,3.881105899810791,2.316418170928955,0.0008459376986138523,1.0978055000305176,139,374,48831.08203125,97.66216278076172,10.726351737976074,3.9129881858825684,2.3780112266540527,0.0003864121390506625,1.0837416648864746
24,0,125000,513,1923,244432.453125,4,90,464,49297.7890625,98.5955581665039,53.96982955932617,3.8895013332366943,2.3357715606689453,0.0011193561367690563,1.1089595556259155,122,366,49902.67578125,99.80535125732422,98.81812286376953,3.900315999984741,2.35225248336792,0.0007157539948821068,1.087497353553772,93,374,49925.87890625,99.85176086425781,99.31196594238281,3.9211089611053467,2.3872053623199463,0.0007751750526949763,1.1013084650039673,97,345,45404.40625,90.80883026123047,0.0010000000474974513,3.8599979877471924,2.2726900577545166,0.0012526059290394187,1.117932677268982,111,374,49901.703125,99.80341339111328,98.79462432861328,3.902622699737549,2.3681623935699463,0.0003040051378775388,1.0462493896484375
25,0,125000,431,2341,247491.35546875,4,43,353,49900.1875,99.80036926269531,98.7574462890625,3.8930461406707764,2.342113971710205,0.0008177614072337747,1.092816710472107,116,557,48628.0,97.25599670410156,4.568426609039307,3.901552677154541,2.357897996902466,0.0008662843611091375,1.1382639408111572,108,421,49916.484375,99.83296203613281,3.469970941543579,3.918384313583374,2.3850936889648438,0.0003284788108430803,1.046610713005066,102,593,49998.09765625,99.99620056152344,4.120076656341553,3.8604140281677246,2.2722089290618896,0.0005519246915355325,1.0450646877288818,62,417,49048.5859375,98.09716033935547,32.23963928222656,3.905520439147949,2.372525930404663,0.00045374155160970986,1.0896550416946411
26,0,125000,399,1904,248370.11328125,4,51,221,49055.50390625,98.11100006103516,32.77249526977539,3.888448476791382,2.332310914993286,0.0019287442555651069,1.20474374294281,101,470,49999.046875,99.99808502197266,3.1259424686431885,3.892894744873047,2.3528082370758057,0.00045573950046673417,1.0584545135498047,49,357,49903.2265625,99.80644226074219,98.8312759399414,3.9149086475372314,2.381284713745117,0.0006163144134916365,1.0941916704177856,124,441,49980.7578125,99.96153259277344,56.423828125,3.8409032821655273,2.2493951320648193,0.0017400860087946057,1.163669466972351,74,415,49431.578125,98.8631591796875,66.75302124023438,3.9020464420318604,2.3691720962524414,0.0004687404434662312,1.063834309577942
27,0,125000,499,2234,249777.03515625,4,104,368,49979.04296875,99.95805358886719,99.94400024414062,3.8961753845214844,2.3453423976898193,0.00039540528086945415,1.0718871355056763,100,409,49955.0625,99.91014862060547,99.74568176269531,3.901556968688965,2.3678348064422607,0.00041986224823631346,1.058079719543457,100,580,49991.7265625,99.98344421386719,99.99102783203125,3.9123857021331787,2.379415273666382,0.0005231618997640908,1.099671721458435,89,448,49874.7890625,99.74958038330078,98.05315399169922,3.853034496307373,2.2740859985351562,0.0009428429184481502,1.1125186681747437,106,429,49976.4140625,99.95287322998047,0.574650764465332,3.9125359058380127,2.3804259300231934,0.0005852127214893699,1.104816198348999
28,0,125000,647,2184,247262.6015625,4,46,491,49991.18359375,99.98236083984375,99.98985290527344,3.9031169414520264,2.354959726333618,0.0009246206027455628,1.1756629943847656,74,255,49770.00390625,99.54000854492188,0.9463472366333008,3.9075117111206055,2.3756003379821777,0.0005241918261162937,1.0982872247695923,184,514,49934.9453125,99.8698959350586,3.313706398010254,3.9098198413848877,2.3750452995300293,0.0005413413164205849,1.0793899297714233,161,427,48987.671875,97.97534942626953,27.76142692565918,3.852942943572998,2.2709274291992188,0.000491640530526638,1.0702471733093262,182,497,48578.796875,97.15760040283203,1.3396917581558228,3.915370464324951,2.3836238384246826,0.00040273426566272974,1.0724045038223267
29,0,125000,751,2042,248894.98828125,4,169,458,49975.6953125,99.9513931274414,99.9249496459961,3.8989830017089844,2.34607195854187,0.00044692037045024335,1.0825821161270142,130,358,49748.69921875,99.49739837646484,0.48912328481674194,3.9080026149749756,2.3781893253326416,0.0003167605318594724,1.0487918853759766,90,325,49937.32421875,99.87464904785156,99.50702667236328,3.908134698867798,2.3722565174102783,0.00021082162857055664,1.0527560710906982,193,445,49340.97265625,98.68194580078125,58.08701705932617,3.8451292514801025,2.251255989074707,0.001446099253371358,1.1066125631332397,169,456,49892.296875,99.78459167480469,98.55513000488281,3.9175734519958496,2.3860838413238525,0.00012284278636798263,1.0446691513061523
30,0,125000,400,1962,249360.8046875,4,96,319,49701.453125,99.40290832519531,0.5093406438827515,3.8968183994293213,2.3382115364074707,0.0006853175000287592,1.0783456563949585,98,286,49747.69921875,99.49539947509766,0.013239440508186817,3.9093284606933594,2.3793108463287354,0.00043956039007753134,1.0745949745178223,86,385,49983.46484375,99.9669418334961,99.96502685546875,3.9020745754241943,2.3644614219665527,0.000434715737355873,1.0516011714935303,73,476,49965.921875,99.93185424804688,99.85328674316406,3.843479633331299,2.2350001335144043,0.0012681031366810203,1.1464171409606934,47,496,49962.265625,99.9245376586914,99.82028198242188,3.9182751178741455,2.3862733840942383,0.00013154506450518966,1.020117163658142
31,0,125000,392,1542,248580.2734375,4,84,350,49994.37109375,99.98876190185547,5.384491920471191,3.8932173252105713,2.3274011611938477,0.000491697748657316,1.0861539840698242,63,303,49985.1328125,99.97026062011719,99.97161102294922,3.909127950668335,2.378408193588257,0.0002900481049437076,1.043630599975586,61,279,49917.02734375,99.83404541015625,99.13896179199219,3.9011824131011963,2.358922004699707,0.0007964014657773077,1.0795962810516357,64,276,48900.234375,97.80046081542969,22.03778648376465,3.8336269855499268,2.196237802505493,0.002089831745252013,1.1028245687484741,120,334,49783.5078125,99.5670166015625,0.006236642133444548,3.9162404537200928,2.3842384815216064,0.00019332885858602822,1.0456125736236572
32,0,125000,627,2120,247952.65625,4,94,273,49971.53515625,99.94308471679688,23.407455444335938,3.8954684734344482,2.328345537185669,0.0007428574608638883,1.0937947034835815,138,355,49871.0,99.74200439453125,1.946854591369629,3.9083473682403564,2.3765716552734375,0.0005662226467393339,1.0908019542694092,143,368,49051.65234375,98.10330200195312,32.475276947021484,3.9002270698547363,2.3540356159210205,0.0005005812272429466,1.083500862121582,170,410,49822.46875,99.64493560791016,0.054210882633924484,3.82030987739563,2.151909828186035,0.0023551201447844505,1.1668972969055176,82,714,49236.0,98.47200012207031,48.19061279296875,3.9158055782318115,2.384110927581787,0.00014171123621053994,1.0346111059188843
33,0,125000,785,2147,240865.11328125,4,162,375,49947.6875,99.89537048339844,99.65589904785156,3.8988280296325684,2.3350155353546143,0.0003116655279882252,1.050264596939087,134,348,47852.09375,95.70417785644531,0.3126029670238495,3.9146275520324707,2.3820574283599854,0.0003037476562894881,1.0640387535095215,161,460,47851.1953125,95.702392578125,0.3111107051372528,3.90726375579834,2.367457628250122,0.00021265982650220394,1.0543913841247559,165,607,49969.41015625,99.9388198852539,99.88157653808594,3.8371222019195557,2.1777637004852295,0.001206297893077135,1.1084054708480835,163,357,45244.7265625,90.48944854736328,0.0010000000474974513,3.9197404384613037,2.388822078704834,8.149861969286576e-05,1.0304512977600098
34,0,125000,331,1708,247841.89453125,4,49,367,48815.671875,97.63134002685547,17.309871673583984,3.9015591144561768,2.337766647338867,0.0004441332712303847,1.0620081424713135,90,396,49856.6875,99.71339416503906,23.92824363708496,3.9092624187469482,2.372453451156616,0.0002894449280574918,1.046630620956421,32,254,49237.71875,98.47541809082031,48.34785842895508,3.9074008464813232,2.3654356002807617,0.0003946924116462469,1.0551831722259521,73,330,49937.57421875,99.87516021728516,99.51102447509766,3.821647882461548,2.138158082962036,0.0011088227620348334,1.1191668510437012,87,361,49994.2421875,99.98848724365234,5.914773941040039,3.9165661334991455,2.3860936164855957,0.00013745784235652536,1.0424308776855469
35,0,125000,449,1845,247771.64453125,4,72,269,49198.1015625,98.39620208740234,18.10067367553711,3.8932816982269287,2.3186628818511963,0.00041569946915842593,1.0361273288726807,50,466,49986.84765625,99.97368621826172,99.97769927978516,3.907318353652954,2.364626407623291,0.000820107467006892,1.1338218450546265,84,321,49939.23828125,99.87848663330078,99.53658294677734,3.903111696243286,2.3639771938323975,0.0003782629792112857,1.0898795127868652,150,407,49997.7109375,99.99542236328125,1.4584544897079468,3.8078715801239014,2.103659152984619,0.0011590623762458563,1.1177034378051758,93,382,48649.74609375,97.29947662353516,10.231571197509766,3.9140772819519043,2.384469747543335,0.0001262712466996163,1.0367549657821655
36,0,125000,458,1785,249739.796875,4,92,307,49967.84765625,99.9356918334961,99.86924743652344,3.8941874504089355,2.3192625045776367,0.0008037090301513672,1.1034584045410156,81,368,49990.703125,99.98141479492188,99.98872375488281,3.912299394607544,2.372013568878174,0.00034693002817220986,1.0736161470413208,103,297,49833.09765625,99.66620635986328,96.5699462890625,3.909700870513916,2.3787262439727783,0.00027482269797474146,1.058271884918213,97,448,49990.0,99.9800033569336,5.94951057434082,3.8512063026428223,2.209920644760132,0.0009221601067110896,1.1031043529510498,85,365,49958.1484375,99.91629028320312,99.77915954589844,3.918958902359009,2.3895206451416016,6.015777398715727e-05,1.0254154205322266
37,0,125000,540,2322,245837.4296875,4,119,291,47348.6640625,94.69731140136719,0.004589228890836239,3.8778910636901855,2.2758865356445312,0.0016291403444483876,1.146266222000122,51,491,49891.8828125,99.78376007080078,4.08718729019165,3.9018516540527344,2.3448193073272705,0.000980219803750515,1.0844866037368774,97,571,48870.0859375,97.74017333984375,3.9282960891723633,3.9003825187683105,2.3693509101867676,0.0002617835998535156,1.0426536798477173,115,532,49772.984375,99.54596710205078,7.121304988861084,3.821390390396118,2.1461431980133057,0.0009692287421785295,1.0932238101959229,158,437,49953.8125,99.90763092041016,99.73140716552734,3.9116225242614746,2.3844029903411865,0.00012932777462992817,1.0594134330749512
38,0,125000,716,2084,242340.2578125,4,160,476,49952.3359375,99.90467071533203,99.71398162841797,3.8551130294799805,2.2100830078125,0.0037304305005818605,1.179945468902588,162,490,49887.46875,99.77494812011719,40.833919525146484,3.8867504596710205,2.3084867000579834,0.0016959214117377996,1.2100248336791992,130,317,42799.6875,85.59938049316406,0.0010000000474974513,3.8813159465789795,2.3555517196655273,0.00116963149048388,1.0923373699188232,102,408,49718.6796875,99.43734741210938,0.029391208663582802,3.8015098571777344,2.0928752422332764,0.0012557602021843195,1.112575888633728,162,393,49982.0859375,99.96412658691406,99.95887756347656,3.90390682220459,2.3788273334503174,0.00038426159881055355,1.085404872894287
39,0,125000,709,1924,246385.33203125,4,119,362,49947.3671875,99.89472961425781,99.65166473388672,3.864285707473755,2.2242555618286133,0.0008970713242888451,1.0685827732086182,167,442,49870.7109375,99.7414321899414,0.002266421215608716,3.8963165283203125,2.329883098602295,0.0006913471152074635,1.1034305095672607,137,398,49400.45703125,98.80091857910156,1.1359318494796753,3.883525848388672,2.3609471321105957,0.001231560716405511,1.0985448360443115,127,344,47641.71484375,95.28343963623047,0.001541217789053917,3.831557035446167,2.14951753616333,0.0008523678407073021,1.0862053632736206,159,378,49525.08203125,99.0501708984375,75.41447448730469,3.9112114906311035,2.384578227996826,0.0004630517796613276,1.0571930408477783
40,0,125000,640,2063,249595.97265625,4,110,352,49989.65625,99.97930908203125,99.9861068725586,3.865239143371582,2.217813730239868,0.0003295707574579865,1.0558786392211914,137,431,49975.48828125,99.95097351074219,46.92440414428711,3.900380849838257,2.3400933742523193,0.00026836394681595266,1.0784988403320312,150,441,49981.546875,99.96308898925781,4.554826259613037,3.8850317001342773,2.363612413406372,0.0002293229044880718,1.054772138595581,127,369,49699.47265625,99.3989486694336,89.31039428710938,3.8491435050964355,2.1787521839141846,0.0009363984572701156,1.1608552932739258,116,470,49949.80859375,99.8996353149414,3.8602728843688965,3.915602445602417,2.3875298500061035,0.00011690377868944779,1.0400913953781128
41,0,125000,563,1994,249721.69921875,4,121,382,49973.6171875,99.9472427368164,99.91175079345703,3.845268964767456,2.153092622756958,0.0010696029057726264,1.1121118068695068,101,381,49933.6953125,99.86739349365234,99.4486312866211,3.8877358436584473,2.315260887145996,0.0007024812512099743,1.0873723030090332,137,427,49933.078125,99.86614227294922,99.43831634521484,3.8695805072784424,2.3476736545562744,0.0009189200354740024,1.130651593208313,101,341,49889.6171875,99.77925109863281,98.48319244384766,3.8363571166992188,2.135676860809326,0.0007318663410842419,1.0726832151412964,103,463,49991.69140625,99.9833755493164,99.99092864990234,3.9078428745269775,2.381652355194092,0.00012709379370789975,1.041930079460144
42,0,125000,595,2029,248228.5859375,4,102,264,49947.1640625,99.89431762695312,1.8666887283325195,3.8522558212280273,2.180499792098999,0.0007975863991305232,1.0865249633789062,154,453,48677.50390625,97.35501098632812,11.22639274597168,3.8957207202911377,2.3356642723083496,0.0007228899048641324,1.1124359369277954,74,444,49727.77734375,99.45555114746094,41.6542854309082,3.8798906803131104,2.354663133621216,0.0005148887285031378,1.0799047946929932,166,428,49971.3046875,99.94261169433594,99.89569091796875,3.8451530933380127,2.1630003452301025,0.0006438970449380577,1.0878971815109253,99,440,49904.8359375,99.8096694946289,98.8696060180664,3.9108152389526367,2.383836269378662,0.0001305961632169783,1.0329720973968506
43,0,125000,449,2005,249754.98828125,4,68,569,49990.96875,99.98194122314453,99.9893798828125,3.855637311935425,2.2010152339935303,0.0007186388829723,1.1124353408813477,106,369,49998.984375,99.99799346923828,99.99983978271484,3.9049174785614014,2.3580522537231445,0.00017782210488803685,1.0398988723754883,84,286,49870.41796875,99.7408447265625,97.91666412353516,3.893947124481201,2.367522716522217,0.00042962311999872327,1.0748419761657715,102,339,49941.6875,99.88339233398438,99.57302856445312,3.8651368618011475,2.2151427268981934,0.0007260823040269315,1.0961034297943115,89,442,49952.9296875,99.9058609008789,99.7210693359375,3.914719820022583,2.388014554977417,9.922504250425845e-05,1.0208855867385864
44,0,125000,591,2063,246019.8984375,4,126,358,49722.44140625,99.44487762451172,90.80596160888672,3.8242347240448,2.1272733211517334,0.001992883626371622,1.1542631387710571,86,333,49989.5390625,99.97908782958984,99.98578643798828,3.89157772064209,2.3389999866485596,0.0003055572451557964,1.0550507307052612,132,402,46426.88671875,92.85377502441406,0.0010000000474974513,3.883723735809326,2.3559963703155518,0.0005430030869320035,1.0812917947769165,126,519,49939.3359375,99.87867736816406,99.53801727294922,3.844693899154663,2.145843267440796,0.0003771304909605533,1.070712685585022,121,451,49941.6953125,99.88340759277344,99.57321166992188,3.907780647277832,2.3833751678466797,0.0003912329557351768,1.0711432695388794
45,0,125000,574,1764,245246.16015625,4,125,318,49863.46484375,99.7269287109375,97.68988800048828,3.8115193843841553,2.0968453884124756,0.001086299424059689,1.0918093919754028,108,323,49838.7890625,99.67758178710938,96.79579162597656,3.8912127017974854,2.3413631916046143,0.0004570722521748394,1.0715514421463013,97,404,49767.3359375,99.53467559814453,0.0028055941220372915,3.890049934387207,2.3594322204589844,0.0008800578070804477,1.1457502841949463,114,365,49813.8515625,99.62770080566406,95.75193786621094,3.851020336151123,2.1592559814453125,0.0003807091561611742,1.0805517435073853,130,354,45962.71875,91.92543029785156,0.0010000000474974513,3.90669584274292,2.3828859329223633,0.00036336659104563296,1.0741097927093506
46,0,125000,469,1868,249327.609375,4,91,306,49491.6640625,98.98330688476562,72.37722778320312,3.83351731300354,2.151705741882324,0.0013098787749186158,1.1182067394256592,116,358,49957.76953125,99.9155502319336,99.77530670166016,3.911769390106201,2.372283935546875,0.00013387917715590447,1.0254491567611694,105,400,49954.3984375,99.9087905883789,99.738037109375,3.901434898376465,2.37337064743042,0.0002921247505582869,1.0729635953903198,80,282,49928.49609375,99.85700225830078,99.3594741821289,3.877755880355835,2.237708568572998,0.000498411653097719,1.1323846578598022,77,522,49995.28125,99.9905776977539,99.9969711303711,3.918856143951416,2.3915958404541016,0.0001307153725065291,1.0519919395446777
47,0,125000,643,2084,248575.0078125,4,125,356,49977.046875,99.95409393310547,99.93302154541016,3.7899749279022217,2.0183768272399902,0.001108298311010003,1.127258062362671,122,388,48715.97265625,97.43193817138672,9.782536506652832,3.880718946456909,2.3289833068847656,0.0003306269645690918,1.0854793787002563,98,402,49915.00390625,99.83000183105469,2.9174752235412598,3.8752622604370117,2.3421695232391357,0.0013399815652519464,1.1303794384002686,130,420,49969.19140625,99.93838500976562,14.003787994384766,3.8373777866363525,2.1106820106506348,0.0004379868332762271,1.0914121866226196,168,518,49997.79296875,99.9955825805664,9.560628890991211,3.8991026878356934,2.377518892288208,0.0003258013748563826,1.069193959236145
48,0,125000,561,2055,249572.34375,4,134,383,49851.984375,99.70398712158203,97.29157257080078,3.7780776023864746,2.005175828933716,0.0024533248506486416,1.21290922164917,92,369,49901.1875,99.8023910522461,98.78226470947266,3.878185272216797,2.325364112854004,0.00035428046248853207,1.0514382123947144,112,413,49944.515625,99.88903045654297,99.61315155029297,3.861429452896118,2.3205058574676514,0.0018656181637197733,1.105974793434143,102,451,49938.453125,99.87691497802734,99.5246353149414,3.8251640796661377,2.0706863403320312,0.000808904180303216,1.0715008974075317,121,439,49936.203125,99.87240600585938,99.48934173583984,3.898336410522461,2.3773932456970215,0.00019412278197705746,1.055576205253601
49,0,125000,425,1713,243451.79296875,4,156,433,45653.046875,91.30609893798828,0.0010000000474974513,3.7961606979370117,2.075244665145874,0.0031314443331211805,1.1913032531738281,47,213,49974.55078125,99.94910430908203,1.077781319618225,3.895003080368042,2.3487725257873535,0.00043287992593832314,1.1037219762802124,88,263,47919.90625,95.83981323242188,0.0010000000474974513,3.869987726211548,2.3194916248321533,0.00042026996379718184,1.0517922639846802,42,335,49970.96875,99.94193267822266,99.89327239990234,3.8484904766082764,2.1493585109710693,0.0012131714029237628,1.1174119710922241,92,469,49933.3203125,99.86663818359375,99.4423828125,3.907644033432007,2.3833367824554443,0.00033581972820684314,1.0473995208740234
50,0,125000,380,1964,248573.66015625,4,47,316,49962.0546875,99.92411041259766,3.6521453857421875,3.8074634075164795,2.1340396404266357,0.0011400127550587058,1.1210817098617554,97,464,49987.75390625,99.97550201416016,7.765883445739746,3.8968615531921387,2.3534886837005615,0.0003557944146450609,1.0348025560379028,90,334,48748.6328125,97.49726867675781,14.113637924194336,3.8753340244293213,2.320317268371582,0.0006200575735419989,1.083183765411377,80,349,49949.78125,99.8995590209961,99.68272399902344,3.83562970161438,2.1024138927459717,0.0007808256195858121,1.089160442352295,66,501,49925.4375,99.8508529663086,99.30354309082031,3.911811113357544,2.3864293098449707,0.00023163318110164255,1.065977692604065
51,0,125000,566,2475,248685.9140625,4,74,472,49995.91796875,99.99183654785156,2.9896762371063232,3.807278871536255,2.1696465015411377,0.001454451004974544,1.1660869121551514,168,448,48871.359375,97.74272155761719,3.966224431991577,3.896904706954956,2.3544161319732666,0.0001677370019024238,1.0332144498825073,71,454,49931.02734375,99.86205291748047,44.34769821166992,3.876448392868042,2.316850423812866,0.0006486272905021906,1.0919244289398193,98,711,49937.890625,99.87577819824219,2.5116634368896484,3.842027425765991,2.1236467361450195,0.0009322976693511009,1.091262936592102,155,390,49949.71875,99.89944458007812,99.68192291259766,3.9117681980133057,2.3864877223968506,0.0002066040033241734,1.0462114810943604
52,0,125000,524,1953,246017.30078125,4,103,379,49702.9296875,99.40587615966797,2.3531970977783203,3.793628454208374,2.167236328125,0.0010393309639766812,1.1430726051330566,112,423,49846.3671875,99.69276428222656,0.34493038058280945,3.894421339035034,2.351635456085205,0.0004446029488462955,1.0694100856781006,98,449,49991.96875,99.98393249511719,99.99153137207031,3.86633038520813,2.3044140338897705,0.0004453706496860832,1.0731441974639893,98,308,46480.4609375,92.9609375,0.0010000000474974513,3.8231921195983887,2.0574493408203125,0.0009644007659517229,1.090914249420166,113,394,49995.57421875,99.99118041992188,7.284228801727295,3.910972833633423,2.384782314300537,0.00011737585009541363,1.027841567993164
53,0,125000,435,1875,243339.296875,4,77,338,47664.1875,95.32836151123047,0.10903705656528473,3.798354148864746,2.1831765174865723,0.0007666421006433666,1.0945276021957397,81,291,49872.5078125,99.7450180053711,0.002416564617305994,3.89097261428833,2.346724510192871,0.00027707815752364695,1.0415544509887695,74,551,49996.71484375,99.99339294433594,99.99845886230469,3.871727228164673,2.3131096363067627,0.001141514745540917,1.1220967769622803,104,326,45822.0625,91.64411163330078,0.0010000000474974513,3.8213419914245605,2.045252561569214,0.0006133699207566679,1.0893890857696533,99,369,49983.82421875,99.96764373779297,99.96651458740234,3.9083352088928223,2.3835256099700928,9.886502812150866e-05,1.0381722450256348
54,0,125000,605,2231,247931.9140625,4,116,334,48609.94921875,97.21988677978516,8.927690505981445,3.7928872108459473,2.174015522003174,0.0018049668287858367,1.1415643692016602,148,508,49429.83984375,98.85968780517578,66.58836364746094,3.892564058303833,2.345738410949707,0.00022036313021089882,1.041232705116272,135,463,49935.71484375,99.87144470214844,2.176311492919922,3.872706174850464,2.307922124862671,0.0003498721052892506,1.0523415803909302,123,380,49971.19140625,99.94237518310547,99.89484405517578,3.8179473876953125,2.0100488662719727,0.00048295495798811316,1.0547304153442383,83,546,49985.21875,99.970458984375,99.9720230102539,3.9080424308776855,2.3844375610351562,0.00021058082347735763,1.033705711364746
55,0,125000,602,2027,248086.55078125,4,124,345,49903.36328125,99.80671691894531,1.4870363473892212,3.795583963394165,2.1858971118927,0.0017548560863360763,1.2229621410369873,125,439,49677.79296875,99.35558319091797,56.74647903442383,3.8851253986358643,2.332887887954712,0.00024063825549092144,1.0473090410232544,155,474,49963.07421875,99.9261474609375,12.4743070602417,3.8711559772491455,2.2978718280792236,0.0005842947866767645,1.0557080507278442,139,412,48618.84375,97.23768615722656,5.0315842628479,3.820197582244873,1.9984716176986694,0.0005020737298764288,1.0808382034301758,59,357,49923.4765625,99.84695434570312,31.445819854736328,3.905937433242798,2.383392810821533,0.0001640224363654852,1.0418102741241455
56,0,125000,585,1827,247870.1328125,4,82,325,49931.8359375,99.8636703491211,99.41751098632812,3.800034761428833,2.20302677154541,0.0012571834959089756,1.1235686540603638,121,389,49910.5,99.82098388671875,4.039331912994385,3.8858134746551514,2.331570625305176,0.0001329851074842736,1.027735710144043,116,349,49970.3046875,99.94061279296875,99.88832092285156,3.8799660205841064,2.309694528579712,0.00011072635243181139,1.0246368646621704,117,339,49095.4140625,98.19080352783203,26.75888442993164,3.8366048336029053,2.058544158935547,0.0013792371610179543,1.1895028352737427,149,425,48962.078125,97.92414093017578,25.99818229675293,3.908754825592041,2.385847568511963,0.00028223750996403396,1.0396649837493896
57,0,125000,697,2010,245360.49609375,4,171,550,49994.9453125,99.98988342285156,99.99654388427734,3.794482946395874,2.1993815898895264,0.000916552497074008,1.0657662153244019,37,247,49981.0,99.96200561523438,99.95394134521484,3.8809239864349365,2.322075366973877,0.0003080439637415111,1.0750207901000977,130,383,49906.80078125,99.8135986328125,98.9154052734375,3.8665177822113037,2.2830774784088135,0.00040736436494626105,1.0580666065216064,194,457,49982.36328125,99.96471405029297,0.0642225369811058,3.8159401416778564,1.986875295639038,0.0004131102468818426,1.0565333366394043,165,373,45495.38671875,90.99076843261719,0.0010000000474974513,3.9012138843536377,2.382028341293335,0.0003779911785386503,1.0669082403182983
58,0,125000,759,2173,248675.87109375,4,181,563,49742.6171875,99.48527526855469,0.03318198025226593,3.8072197437286377,2.2166059017181396,0.0008075427613221109,1.0937362909317017,168,495,49985.30859375,99.97061157226562,99.9722671508789,3.8861706256866455,2.3303987979888916,0.00044949291623197496,1.086456060409546,141,339,49228.19140625,98.45637512207031,47.47316360473633,3.8715202808380127,2.289700984954834,0.00041401147609576583,1.0828893184661865,98,371,49757.93359375,99.515869140625,0.34812867641448975,3.829360246658325,2.0424280166625977,0.0005935502122156322,1.0809264183044434,171,405,49961.8203125,99.92363739013672,7.835058689117432,3.905031681060791,2.38415789604187,0.0001479434868087992,1.0413368940353394
59,0,125000,768,2366,248278.14453125,4,189,582,49978.93359375,99.9578628540039,99.9434585571289,3.8100597858428955,2.2289202213287354,0.0006131839472800493,1.1097720861434937,131,453,49978.46875,99.95694732666016,99.94099426269531,3.883863687515259,2.3249025344848633,0.0005016899085603654,1.0894275903701782,120,371,49996.1953125,99.99238586425781,99.99801635742188,3.867863655090332,2.282245397567749,0.00020973444043193012,1.0535305738449097,155,426,48336.671875,96.67333984375,3.1456170082092285,3.8221330642700195,2.0377109050750732,0.0015837001847103238,1.1474988460540771,173,534,49987.875,99.97576904296875,19.225629806518555,3.901639938354492,2.3826003074645996,0.00021963834296911955,1.0823224782943726
60,0,125000,450,1772,247074.1484375,4,66,417,49870.9921875,99.74198913574219,97.93484497070312,3.8250176906585693,2.256502389907837,0.00032093763002194464,1.0627073049545288,102,344,49333.12109375,98.66625213623047,0.07667659968137741,3.895700693130493,2.342275619506836,0.00020920275710523129,1.063795804977417,103,372,49722.328125,99.44465637207031,0.032494138926267624,3.876220941543579,2.2982065677642822,0.00025918721803463995,1.0600355863571167,97,314,48159.1953125,96.31838989257812,1.4456158876419067,3.8442723751068115,2.128582239151001,0.0008517336682416499,1.0930736064910889,82,325,49988.51171875,99.97704315185547,99.98294830322266,3.911048412322998,2.388998031616211,0.00017580509302206337,1.0467195510864258
61,0,125000,554,1952,249538.3828125,4,98,255,49927.57421875,99.85514831542969,3.6035959720611572,3.822613477706909,2.2601616382598877,0.0003296232025604695,1.0336214303970337,68,406,49982.0,99.96399688720703,15.163190841674805,3.87972092628479,2.3152756690979004,0.00023461818636860698,1.0655421018600464,123,484,49660.53515625,99.32107543945312,86.56978607177734,3.875523805618286,2.295164108276367,0.0004075765609741211,1.0701972246170044,168,400,49995.10546875,99.99022674560547,3.9775888919830322,3.804283618927002,2.044447898864746,0.001199667458422482,1.1335104703903198,97,407,49973.16796875,99.94633483886719,99.90870666503906,3.896188497543335,2.3823726177215576,0.00023238657740876079,1.06352698802948
62,0,125000,471,1863,249554.49609375,4,97,402,49993.046875,99.98611450195312,99.99361419677734,3.808905601501465,2.2462551593780518,0.0008696102886460721,1.0660382509231567,81,339,49975.1328125,99.95026397705078,99.9214859008789,3.869302272796631,2.297799825668335,0.001823859172873199,1.1286187171936035,103,297,49991.6796875,99.98336791992188,99.99092864990234,3.87094783782959,2.2869985103607178,0.0004171562031842768,1.0656940937042236,95,356,49735.3984375,99.47077941894531,91.60740661621094,3.78794264793396,2.008939743041992,0.0008799051865935326,1.079602599143982,95,469,49859.23828125,99.71849060058594,0.11025310307741165,3.8916778564453125,2.380131483078003,0.00044032096047885716,1.0413786172866821
63,0,125000,849,2373,242583.48828125,4,156,388,43158.1875,86.3163833618164,0.0010000000474974513,3.817457914352417,2.259904146194458,0.00045106885954737663,1.0744755268096924,162,516,49905.703125,99.8114013671875,98.8900146484375,3.8758533000946045,2.304625988006592,0.00019031285773962736,1.0472596883773804,169,587,49729.2734375,99.45857238769531,0.02051338367164135,3.873840808868408,2.2911784648895264,0.000780913804192096,1.0856621265411377,167,396,49910.35546875,99.82072448730469,3.2944440841674805,3.801170587539673,2.046215534210205,0.0005287170060910285,1.0627959966659546,195,486,49879.96875,99.75994110107422,98.20925903320312,3.8985486030578613,2.383755683898926,0.00044014930608682334,1.0611815452575684
64,0,125000,366,1932,248813.48046875,4,75,370,49898.921875,99.79783630371094,98.72589111328125,3.8229591846466064,2.265869140625,0.000678319891449064,1.1095349788665771,60,496,49056.6953125,98.1134033203125,32.86570739746094,3.8877248764038086,2.324932098388672,0.0003666305565275252,1.0815733671188354,69,388,49962.2265625,99.92445373535156,2.966526746749878,3.880042552947998,2.3069851398468018,0.00045902011333964765,1.0912878513336182,63,324,49917.03515625,99.83406066894531,99.13906860351562,3.8178489208221436,2.083317756652832,0.0005953455111011863,1.0989032983779907,99,354,49978.6015625,99.95720672607422,4.2421159744262695,3.9048337936401367,2.386106014251709,0.0003258180513512343,1.0685415267944336
65,0,125000,430,1872,249616.05859375,4,87,306,49966.01953125,99.9320297241211,8.195152282714844,3.808789014816284,2.250713348388672,0.0009312605834566057,1.1277483701705933,74,345,49936.75390625,99.87350463867188,99.49808502197266,3.8816821575164795,2.3170688152313232,0.00034150361898355186,1.0621013641357422,72,395,49971.62890625,99.94325256347656,96.75723266601562,3.8809196949005127,2.312371015548706,0.0009777521481737494,1.1071170568466187,103,330,49961.90625,99.9238052368164,99.81681823730469,3.8020002841949463,2.0444252490997314,0.0005224299384281039,1.0545518398284912,94,496,49779.75,99.55950927734375,0.003914990462362766,3.899639844894409,2.384065866470337,0.00022865056234877557,1.0393933057785034
66,0,125000,670,2028,244274.36328125,4,189,417,49859.78125,99.71955108642578,97.56529998779297,3.79482102394104,2.2346065044403076,0.00035929918522015214,1.0731887817382812,98,373,49876.70703125,99.75341033935547,98.1116943359375,3.88364315032959,2.3223962783813477,0.000218620290979743,1.0555061101913452,41,388,47038.0,94.07600402832031,0.0010000000474974513,3.889801502227783,2.329343557357788,0.0002889466122724116,1.0651459693908691,174,393,49862.0,99.7239990234375,97.64083862304688,3.7888524532318115,2.0153682231903076,0.0007207083399407566,1.0722970962524414,168,457,47637.875,95.27574920654297,0.09342767298221588,3.8956053256988525,2.3832359313964844,0.00019679068645928055,1.0373988151550293
67,0,125000,712,2200,246015.30859375,4,81,314,48922.484375,97.84496307373047,23.413843154907227,3.7975175380706787,2.2354025840759277,0.0008947968017309904,1.0847995281219482,142,561,49909.55859375,99.81912994384766,17.38941192626953,3.870248556137085,2.3047385215759277,0.0005823683459311724,1.0469940900802612,170,481,49287.10546875,98.57421875,2.003941535949707,3.8819546699523926,2.3148934841156006,0.0004902720102109015,1.067406415939331,174,417,48463.953125,96.92791748046875,5.233697891235352,3.7620489597320557,1.948472499847412,0.0011979173868894577,1.0995584726333618,145,427,49432.20703125,98.86442565917969,66.81316375732422,3.8834264278411865,2.3793838024139404,0.0003099083842243999,1.06640625
68,0,125000,559,2044,247466.0859375,4,85,373,48680.328125,97.3606948852539,11.332159042358398,3.797274351119995,2.2251923084259033,0.0003665971744339913,1.0772581100463867,110,410,49984.66015625,99.96931457519531,99.96981048583984,3.851681709289551,2.287139654159546,0.0008443259866908193,1.0339566469192505,138,530,48909.16796875,97.81835174560547,22.58411979675293,3.890566825866699,2.3300516605377197,0.0007437443709932268,1.1316689252853394,108,369,49961.85546875,99.92372131347656,99.81640625,3.747016429901123,1.8952220678329468,0.00130508653819561,1.0972272157669067,118,362,49930.07421875,99.86015319824219,99.38724517822266,3.8757853507995605,2.3767809867858887,0.00040156362229026854,1.0551921129226685
69,0,125000,434,2130,249875.16015625,4,97,396,49951.9609375,99.9039077758789,99.70947265625,3.794203519821167,2.2131078243255615,0.001270508742891252,1.158499002456665,93,425,49997.34375,99.99466705322266,99.99898529052734,3.8419222831726074,2.2830772399902344,0.0007445716764777899,1.0876814126968384,87,413,49987.05078125,99.97410583496094,99.97840881347656,3.896899938583374,2.3387506008148193,0.000403957354137674,1.059606909751892,76,456,49992.5859375,99.98516082763672,99.9927749633789,3.7389581203460693,1.8489965200424194,0.002387106418609619,1.1782971620559692,81,440,49946.21875,99.89241790771484,99.63631439208984,3.8720171451568604,2.3765604496002197,0.000873675337061286,1.0723687410354614
70,0,125000,383,2600,249698.1015625,4,60,569,49954.34375,99.90870666503906,99.73761749267578,3.8394036293029785,2.2732255458831787,0.0010230325860902667,1.1146260499954224,55,561,49989.27734375,99.97855377197266,99.98506927490234,3.857930898666382,2.313936471939087,0.0007654690416529775,1.0529861450195312,123,594,49770.91015625,99.54181671142578,7.428404808044434,3.9037742614746094,2.3495919704437256,0.00040093896677717566,1.050096869468689,42,455,49989.4296875,99.97885131835938,99.98551177978516,3.764695405960083,1.8872361183166504,0.0009612798457965255,1.0864176750183105,103,421,49994.140625,99.98828887939453,99.99541473388672,3.8791465759277344,2.376312732696533,0.001119527849368751,1.1210421323776245
71,0,125000,511,2091,249595.71875,4,117,365,49855.234375,99.71044921875,97.40682983398438,3.8229851722717285,2.2483136653900146,0.0005313325091265142,1.0675041675567627,94,511,49914.80078125,99.82959747314453,99.09246826171875,3.814891815185547,2.280158519744873,0.001096429768949747,1.0960736274719238,96,349,49868.05859375,99.73614501953125,97.84129333496094,3.8991615772247314,2.3434653282165527,0.0001835513103287667,1.0387952327728271,100,353,49977.171875,99.954345703125,99.93373107910156,3.7398314476013184,1.8252266645431519,0.0007029914413578808,1.0675199031829834,104,513,49980.453125,99.96090698242188,99.95128631591797,3.862356185913086,2.3670201301574707,0.0006501817842945457,1.0695202350616455
72,0,125000,510,1821,241644.453125,4,94,391,49963.2734375,99.92655181884766,99.8297119140625,3.8164215087890625,2.23897123336792,0.000594449054915458,1.0882556438446045,120,365,48834.52734375,97.66905212402344,18.29585075378418,3.7897276878356934,2.2607076168060303,0.0015997648006305099,1.1568870544433594,98,353,49992.83984375,99.98567199707031,99.99321746826172,3.894134998321533,2.3356997966766357,0.00036429165629670024,1.0755263566970825,99,357,49971.9375,99.94388580322266,99.90025329589844,3.7101969718933105,1.7467445135116577,0.002579367021098733,1.1146817207336426,99,355,42881.875,85.76376342773438,0.0010000000474974513,3.856842041015625,2.362981081008911,0.0007255005766637623,1.1152184009552002
73,0,125000,582,2137,248028.0703125,4,77,458,49980.49609375,99.96099853515625,11.7918119430542,3.8397483825683594,2.273665428161621,0.0004180908144917339,1.0656168460845947,121,488,49985.53515625,99.97107696533203,6.000340461730957,3.8053507804870605,2.2789480686187744,0.00034879683516919613,1.0735353231430054,140,401,49645.3984375,99.29077911376953,85.43907165527344,3.894529342651367,2.338805913925171,0.00010962962551275268,1.0349944829940796,128,398,49948.92578125,99.8978500366211,6.680593490600586,3.7093417644500732,1.7666009664535522,0.0012625526869669557,1.1162960529327393,116,392,48467.71484375,96.9354248046875,5.309567451477051,3.872502565383911,2.3680031299591064,0.0008114814409054816,1.0780731439590454
74,0,125000,531,1876,249465.1796875,4,108,293,49967.2890625,99.93457794189453,2.053049325942993,3.8185207843780518,2.2369942665100098,0.00024998426670208573,1.0690670013427734,96,450,49992.0,99.98400115966797,12.895111083984375,3.836125373840332,2.304673194885254,0.00043828485650010407,1.1042588949203491,107,348,49629.0,99.25800323486328,44.45360565185547,3.9000346660614014,2.349133253097534,0.00025774238747544587,1.0657068490982056,136,359,49929.890625,99.8597640991211,3.291545867919922,3.695359468460083,1.773445963859558,0.0020302794873714447,1.107944130897522,84,426,49947.0,99.89399719238281,57.16318893432617,3.888925075531006,2.3739795684814453,0.00029979704413563013,1.048724889755249
75,0,125000,689,2256,248228.82421875,4,147,464,48370.16015625,96.74031829833984,3.610598564147949,3.8199005126953125,2.241983652114868,0.0006846451433375478,1.1085084676742554,132,481,49962.8359375,99.9256820678711,99.82566833496094,3.7693986892700195,2.250641107559204,0.0015179276233538985,1.1513179540634155,146,369,49954.55078125,99.90908813476562,99.73976135253906,3.8886404037475586,2.3363308906555176,0.00015860795974731445,1.0507636070251465,141,404,49949.30859375,99.89862060546875,99.67676544189453,3.6283750534057617,1.7270019054412842,0.0023363851942121983,1.1502593755722046,123,538,49991.96875,99.98395538330078,99.9915542602539,3.869291305541992,2.364948272705078,0.0006033849786035717,1.080849528312683
76,0,125000,590,2438,247064.0234375,4,97,619,49886.0,99.77200317382812,98.38299560546875,3.8370001316070557,2.258253812789917,0.0007144617848098278,1.0849556922912598,179,491,48137.97265625,96.27593231201172,1.184401035308838,3.793060779571533,2.276577949523926,0.0009782958077266812,1.0899944305419922,73,395,49856.0,99.71200561523438,0.16063947975635529,3.9007561206817627,2.356523036956787,0.00022077321773394942,1.048378825187683,119,520,49193.58984375,98.3871841430664,5.120145797729492,3.644761562347412,1.7967031002044678,0.0009963344782590866,1.132757544517517,122,413,49990.4609375,99.98092651367188,99.98815155029297,3.8813719749450684,2.3703227043151855,0.00025920389452949166,1.0485879182815552
77,0,125000,765,2242,240686.32421875,4,133,473,49967.8515625,99.93572235107422,99.86933898925781,3.818685531616211,2.216647148132324,0.0014531683409586549,1.1227171421051025,159,411,48256.37890625,96.51277160644531,2.2345519065856934,3.7674779891967773,2.2615725994110107,0.0010507559636607766,1.0956346988677979,136,334,42728.94921875,85.45790100097656,0.0010000000474974513,3.890886068344116,2.343964099884033,0.00021666288375854492,1.0746723413467407,177,479,49781.53515625,99.56307983398438,0.01591545157134533,3.5860471725463867,1.7316073179244995,0.001969005912542343,1.2038370370864868,160,545,49951.609375,99.9031982421875,99.70516204833984,3.879807710647583,2.3708605766296387,0.001013212138786912,1.1224660873413086
78,0,125000,499,1705,247716.1328125,4,80,395,49986.23828125,99.97246551513672,28.696186065673828,3.8150744438171387,2.1833648681640625,0.0010921502253040671,1.119120478630066,89,276,49281.625,98.56324768066406,52.443050384521484,3.7888078689575195,2.28045654296875,0.0006354403449222445,1.1018526554107666,96,394,49993.0625,99.98612213134766,3.125535726547241,3.896345853805542,2.3526337146759033,0.00020090579346287996,1.0554136037826538,127,314,49954.296875,99.90859985351562,54.15156173706055,3.5836431980133057,1.774982213973999,0.002538082655519247,1.1999988555908203,107,326,48500.91015625,97.00182342529297,6.021451473236084,3.8921403884887695,2.3779420852661133,0.00060307263629511,1.0644112825393677
79,0,125000,460,1977,249805.51171875,4,78,327,49953.7109375,99.90744018554688,99.73030090332031,3.8167407512664795,2.1685409545898438,0.0013580822851508856,1.1983120441436768,95,395,49929.8203125,99.85963439941406,99.38265228271484,3.803657054901123,2.28701114654541,0.0005982184084132314,1.0863659381866455,66,442,49934.84375,99.86968994140625,99.46746063232422,3.8984053134918213,2.356114387512207,8.835792687023059e-05,1.0320396423339844,105,452,49992.3203125,99.98463439941406,9.178327560424805,3.663724184036255,1.9551844596862793,0.0023072122130542994,1.2054959535598755,116,361,49994.81640625,99.98963165283203,99.99639129638672,3.898704767227173,2.3814306259155273,0.00045602559112012386,1.0473406314849854
80,0,125000,786,2282,238415.31640625,4,166,548,48082.0625,96.16411590576172,1.0061079263687134,3.8351850509643555,2.212500810623169,0.0011684417258948088,1.1312026977539062,161,371,49874.6796875,99.74935913085938,0.579039990901947,3.771627187728882,2.252946615219116,0.0010708140907809138,1.1453205347061157,174,534,49924.7578125,99.84951782226562,99.29109954833984,3.886064291000366,2.3427088260650635,0.00019110202265437692,1.0636837482452393,124,291,40562.4609375,81.12491607666016,0.0010000000474974513,3.576871156692505,1.8604804277420044,0.0033273552544414997,1.2650892734527588,161,538,49971.35546875,99.94270324707031,99.89604187011719,3.890249013900757,2.37907338142395,0.00022967338736634701,1.0528721809387207
